SKU,Name,Image,NM,LP,MP
Acc_ses,Acceptable Losses,/images/Acceptable Losses - Origins.jpg,0.1,0.08,0.05
Ada_ron,Adaptatron,/images/Adaptatron - Origins.jpg,0.1,0.08,0.05
Ahr_ing,Ahri - Alluring,/images/Ahri - Alluring - Origins.jpg,0.25,0.2,0.125
Ahr_rt),Ahri - Alluring (Alternate Art),/images/Ahri - Alluring (Alternate Art) - Origins.jpg,4.75,3.8,2.375
Ahr_ive,Ahri - Inquisitive,/images/Ahri - Inquisitive - Origins.jpg,10.4,8.32,5.2
Ahr_irt),Ahri - Inquisitive (Alternate Art),/images/Ahri - Inquisitive (Alternate Art) - Origins.jpg,15.43,12.344,7.715
Ahr_Fox,Ahri - Nine-Tailed Fox,/images/Ahri - Nine-Tailed Fox - Origins.jpg,0.25,0.2,0.125
Ahr_ed),Ahri - Nine-Tailed Fox (Overnumbered),/images/Ahri - Nine-Tailed Fox (Overnumbered) - Origins.jpg,168.75,135,84.375
Ahr_re),Ahri - Nine-Tailed Fox (Signature),/images/Ahri - Nine-Tailed Fox (Signature) - Origins.jpg,1200,960,600
Alb_ros,Albus Ferros,/images/Albus Ferros - Origins.jpg,0.1,0.08,0.05
Alt_ity,Altar to Unity,/images/Altar to Unity - Origins.jpg,0.1,0.08,0.05
Ani_mal,Anivia - Primal,/images/Anivia - Primal - Origins.jpg,0.25,0.2,0.125
Ann_er),Annie - Dark Child (Starter),/images/Annie - Dark Child (Starter) - Origins.jpg,18.03,14.424,9.015
Ann_ery,Annie - Fiery,/images/Annie - Fiery - Origins.jpg,0.9,0.72,0.45
Ann_orn,Annie - Stubborn,/images/Annie - Stubborn - Origins.jpg,3.15,2.52,1.575
Are_Bar,Arena Bar,/images/Arena Bar - Origins.jpg,0.1,0.08,0.05
Asp_imb,Aspirant's Climb,/images/Aspirant's Climb - Origins.jpg,0.1,0.08,0.05
Ava_ver,Ava Achiever,/images/Ava Achiever - Origins.jpg,0.1,0.08,0.05
Bac_ack,Back to Back,/images/Back to Back - Origins.jpg,0.1,0.08,0.05
Bac_Bar,Back-Alley Bar,/images/Back-Alley Bar - Origins.jpg,0.1,0.08,0.05
Bai_ook,Baited Hook,/images/Baited Hook - Origins.jpg,27.3,21.84,13.65
Ban_ree,Bandle Tree,/images/Bandle Tree - Origins.jpg,0.1,0.08,0.05
Bil_lly,Bilgewater Bully,/images/Bilgewater Bully - Origins.jpg,0.1,0.08,0.05
Bla_wer,Blast of Power,/images/Blast of Power - Origins.jpg,1.12,0.896,0.56
Bla_Fae,Blastcone Fae,/images/Blastcone Fae - Origins.jpg,0.25,0.2,0.125
Bla_her,Blazing Scorcher,/images/Blazing Scorcher - Origins.jpg,0.1,0.08,0.05
Bli_ury,Blind Fury,/images/Blind Fury - Origins.jpg,0.1,0.08,0.05
Bli_ive,Blitzcrank - Impassive,/images/Blitzcrank - Impassive - Origins.jpg,0.25,0.2,0.125
Blo_ock,Block,/images/Block - Origins.jpg,0.1,0.08,0.05
Bod_une,Body Rune,/images/Body Rune - Origins.jpg,0.1,0.08,0.05
Bod_rt),Body Rune (Alternate Art),/images/Body Rune (Alternate Art) - Origins.jpg,6.01,4.808,3.005
Bra_eer,Brazen Buccaneer,/images/Brazen Buccaneer - Origins.jpg,0.1,0.08,0.05
Bry_ong,Brynhir Thundersong,/images/Brynhir Thundersong - Origins.jpg,0.25,0.2,0.125
Buf_uff,Buff,/images/Buff - Origins.jpg,0.1,0.08,0.05
Bul_ime,Bullet Time,/images/Bullet Time - Origins.jpg,17.71,14.168,8.855
Cai_ing,Caitlyn - Patrolling,/images/Caitlyn - Patrolling - Origins.jpg,0.25,0.2,0.125
Cal_ory,Call to Glory,/images/Call to Glory - Origins.jpg,0.1,0.08,0.05
Cal_une,Calm Rune,/images/Calm Rune - Origins.jpg,0.25,0.2,0.125
Cal_rt),Calm Rune (Alternate Art),/images/Calm Rune (Alternate Art) - Origins.jpg,15.43,12.344,7.715
Can_age,Cannon Barrage,/images/Cannon Barrage - Origins.jpg,0.1,0.08,0.05
Cap_ron,Captain Farron,/images/Captain Farron - Origins.jpg,0.1,0.08,0.05
Car_ine,Carnivorous Snapvine,/images/Carnivorous Snapvine - Origins.jpg,0.25,0.2,0.125
Cat_ons,Catalyst of Aeons,/images/Catalyst of Aeons - Origins.jpg,0.25,0.2,0.125
Cem_ant,Cemetery Attendant,/images/Cemetery Attendant - Origins.jpg,0.1,0.08,0.05
Cha_nge,Challenge,/images/Challenge - Origins.jpg,0.1,0.08,0.05
Cha_une,Chaos Rune,/images/Chaos Rune - Origins.jpg,0.1,0.08,0.05
Cha_rt),Chaos Rune (Alternate Art),/images/Chaos Rune (Alternate Art) - Origins.jpg,17.71,14.168,8.855
Cha_arm,Charm,/images/Charm - Origins.jpg,0.1,0.08,0.05
Che_cer,Chemtech Enforcer,/images/Chemtech Enforcer - Origins.jpg,0.1,0.08,0.05
Cit_eld,Cithria of Cloudfield,/images/Cithria of Cloudfield - Origins.jpg,0.1,0.08,0.05
Cle_ave,Cleave,/images/Cleave - Origins.jpg,0.1,0.08,0.05
Clo_per,Clockwork Keeper,/images/Clockwork Keeper - Origins.jpg,0.1,0.08,0.05
Com_ros,Commander Ledros,/images/Commander Ledros - Origins.jpg,0.25,0.2,0.125
Con_ont,Confront,/images/Confront - Origins.jpg,0.1,0.08,0.05
Con_ast,Consult the Past,/images/Consult the Past - Origins.jpg,0.1,0.08,0.05
Con_ion,Convergent Mutation,/images/Convergent Mutation - Origins.jpg,0.1,0.08,0.05
Cra_air,Crackshot Corsair,/images/Crackshot Corsair - Origins.jpg,0.1,0.08,0.05
Cru_ron,Cruel Patron,/images/Cruel Patron - Origins.jpg,0.1,0.08,0.05
Cul_eak,Cull the Weak,/images/Cull the Weak - Origins.jpg,0.1,0.08,0.05
Dan_Duo,Dangerous Duo,/images/Dangerous Duo - Origins.jpg,0.1,0.08,0.05
Dar_oro,Daring Poro,/images/Daring Poro - Origins.jpg,0.1,0.08,0.05
Dar_ner,Darius - Executioner,/images/Darius - Executioner - Origins.jpg,2.47,1.976,1.235
Dar_ert),Darius - Executioner (Alternate Art),/images/Darius - Executioner (Alternate Art) - Origins.jpg,4.75,3.8,2.375
Dar_xus,Darius - Hand of Noxus,/images/Darius - Hand of Noxus - Origins.jpg,0.1,0.08,0.05
Dar_ed),Darius - Hand of Noxus (Overnumbered),/images/Darius - Hand of Noxus (Overnumbered) - Origins.jpg,45.675,36.54,22.8375
Dar_re),Darius - Hand of Noxus (Signature),/images/Darius - Hand of Noxus (Signature) - Origins.jpg,393.75,315,196.875
Dar_ian,Darius - Trifarian,/images/Darius - Trifarian - Origins.jpg,6.825,5.46,3.4125
Dar_rt),Darius - Trifarian (Alternate Art),/images/Darius - Trifarian (Alternate Art) - Origins.jpg,16.25,13,8.125
Daz_ora,Dazzling Aurora,/images/Dazzling Aurora - Origins.jpg,61.95,49.56,30.975
Dea_tor,Deadbloom Predator,/images/Deadbloom Predator - Origins.jpg,96,76.8,48
Dec_ike,Decisive Strike,/images/Decisive Strike - Origins.jpg,0.25,0.2,0.125
Def_efy,Defy,/images/Defy - Origins.jpg,0.25,0.2,0.125
Dis_ine,Discipline,/images/Discipline - Origins.jpg,0.1,0.08,0.05
Dis_ate,Disintegrate,/images/Disintegrate - Origins.jpg,0.1,0.08,0.05
Div_ent,Divine Judgment,/images/Divine Judgment - Origins.jpg,10.075,8.06,5.0375
Dr._ert,Dr. Mundo - Expert,/images/Dr. Mundo - Expert - Origins.jpg,1.91,1.528,0.955
Dra_age,Dragon's Rage,/images/Dragon's Rage - Origins.jpg,3.375,2.7,1.6875
Dra_oat,Draven - Showboat,/images/Draven - Showboat - Origins.jpg,1.23,0.984,0.615
Dun_ake,Dune Drake,/images/Dune Drake - Origins.jpg,0.1,0.08,0.05
Eag_ice,Eager Apprentice,/images/Eager Apprentice - Origins.jpg,0.1,0.08,0.05
Ecl_ald,Eclipse Herald,/images/Eclipse Herald - Origins.jpg,0.1,0.08,0.05
Ekk_ent,Ekko - Recurrent,/images/Ekko - Recurrent - Origins.jpg,0.25,0.2,0.125
Emb_onk,Ember Monk,/images/Ember Monk - Origins.jpg,0.1,0.08,0.05
En _rde,En Garde,/images/En Garde - Origins.jpg,0.1,0.08,0.05
Ene_uit,Energy Conduit,/images/Energy Conduit - Origins.jpg,0.1,0.08,0.05
Fac_ker,Facebreaker,/images/Facebreaker - Origins.jpg,0.1,0.08,0.05
Fad_ies,Fading Memories,/images/Fading Memories - Origins.jpg,0.1,0.08,0.05
Fai_tor,Faithful Manufactor,/images/Faithful Manufactor - Origins.jpg,0.1,0.08,0.05
Fal_met,Falling Comet,/images/Falling Comet - Origins.jpg,0.1,0.08,0.05
Fal_tar,Falling Star,/images/Falling Star - Origins.jpg,3.93,3.144,1.965
Fig_ght,Fight or Flight,/images/Fight or Flight - Origins.jpg,0.1,0.08,0.05
Fin_ark,Final Spark,/images/Final Spark - Origins.jpg,1.68,1.344,0.84
Fin_ter,Find Your Center,/images/Find Your Center - Origins.jpg,0.1,0.08,0.05
Fio_ous,Fiora - Victorious,/images/Fiora - Victorious - Origins.jpg,2.13,1.704,1.065
Fir_orm,Firestorm,/images/Firestorm - Origins.jpg,0.25,0.2,0.125
Fir_ate,First Mate,/images/First Mate - Origins.jpg,0.1,0.08,0.05
Fla_ers,Flame Chompers,/images/Flame Chompers - Origins.jpg,0.1,0.08,0.05
Fla_ash,Flash,/images/Flash - Origins.jpg,32.33,25.864,16.165
Flu_des,Flurry of Blades,/images/Flurry of Blades - Origins.jpg,0.1,0.08,0.05
For_ure,Forge of the Future,/images/Forge of the Future - Origins.jpg,0.1,0.08,0.05
For_ion,Fortified Position,/images/Fortified Position - Origins.jpg,0.1,0.08,0.05
Fox_ire,Fox-Fire,/images/Fox-Fire - Origins.jpg,10.23,8.184,5.115
Fur_une,Fury Rune,/images/Fury Rune - Origins.jpg,0.1,0.08,0.05
Fur_rt),Fury Rune (Alternate Art),/images/Fury Rune (Alternate Art) - Origins.jpg,16.9,13.52,8.45
Gar_ber,Garbage Grabber,/images/Garbage Grabber - Origins.jpg,0.1,0.08,0.05
Gar_der,Garen - Commander,/images/Garen - Commander - Origins.jpg,1.23,0.984,0.615
Gar_er),Garen - Might of Demacia (Starter),/images/Garen - Might of Demacia (Starter) - Origins.jpg,0.9,0.72,0.45
Gar_ged,Garen - Rugged,/images/Garen - Rugged - Origins.jpg,0.25,0.2,0.125
Gem_eer,Gemcraft Seer,/images/Gemcraft Seer - Origins.jpg,0.1,0.08,0.05
Gen_uel,Gentlemen's Duel,/images/Gentlemen's Duel - Origins.jpg,0.25,0.2,0.125
Get_ed!,Get Excited!,/images/Get Excited! - Origins.jpg,0.1,0.08,0.05
Gra_gem,Grand Strategem,/images/Grand Strategem - Origins.jpg,0.25,0.2,0.125
Gro_low,Grove of the God-Willow,/images/Grove of the God-Willow - Origins.jpg,0.1,0.08,0.05
Gue_are,Guerilla Warfare,/images/Guerilla Warfare - Origins.jpg,9.425,7.54,4.7125
Gus_ust,Gust,/images/Gust - Origins.jpg,0.1,0.08,0.05
Hal_omb,Hallowed Tomb,/images/Hallowed Tomb - Origins.jpg,0.1,0.08,0.05
Har_gon,Harnessed Dragon,/images/Harnessed Dragon - Origins.jpg,0.25,0.2,0.125
Hei_tor,Heimerdinger - Inventor,/images/Heimerdinger - Inventor - Origins.jpg,0.1,0.08,0.05
Her_les,Herald of Scales,/images/Herald of Scales - Origins.jpg,0.1,0.08,0.05
Hex_Ray,Hextech Ray,/images/Hextech Ray - Origins.jpg,0.1,0.08,0.05
Hid_ade,Hidden Blade,/images/Hidden Blade - Origins.jpg,0.1,0.08,0.05
Hig_der,Highlander,/images/Highlander - Origins.jpg,0.25,0.2,0.125
Ica_ain,Icathian Rain,/images/Icathian Rain - Origins.jpg,25.18,20.144,12.59
Imm_nix,Immortal Phoenix,/images/Immortal Phoenix - Origins.jpg,5,4,2.5
Imp_ree,Imperial Decree,/images/Imperial Decree - Origins.jpg,0.25,0.2,0.125
Inc_ate,Incinerate,/images/Incinerate - Origins.jpg,0.25,0.2,0.125
Inv_nes,Invert Timelines,/images/Invert Timelines - Origins.jpg,26,20.8,13
Iro_sta,Iron Ballista,/images/Iron Ballista - Origins.jpg,0.1,0.08,0.05
Jew_sus,Jeweled Colossus,/images/Jeweled Colossus - Origins.jpg,0.1,0.08,0.05
Jin_ist,Jinx - Demolitionist,/images/Jinx - Demolitionist - Origins.jpg,0.1,0.08,0.05
Jin_drt),Jinx - Demolitionist (Alternate Art),/images/Jinx - Demolitionist (Alternate Art) - Origins.jpg,4.875,3.9,2.4375
Jin_non,Jinx - Loose Cannon,/images/Jinx - Loose Cannon - Origins.jpg,0.1,0.08,0.05
Jin_ed),Jinx - Loose Cannon (Overnumbered),/images/Jinx - Loose Cannon (Overnumbered) - Origins.jpg,78.75,63,39.375
Jin_re),Jinx - Loose Cannon (Signature),/images/Jinx - Loose Cannon (Signature) - Origins.jpg,521.25,417,260.625
Jin_bel,Jinx - Rebel,/images/Jinx - Rebel - Origins.jpg,2.58,2.064,1.29
Jin_rt),Jinx - Rebel (Alternate Art),/images/Jinx - Rebel (Alternate Art) - Origins.jpg,3.03,2.424,1.515
Kad_nal,Kadregrin the Infernal,/images/Kadregrin the Infernal - Origins.jpg,8.125,6.5,4.0625
Kai_oid,Kai'Sa - Daughter of the Void,/images/Kai'Sa - Daughter of the Void - Origins.jpg,0.1,0.08,0.05
Kai_ed),Kai'Sa - Daughter of the Void (Overnumbered),/images/Kai'Sa - Daughter of the Void (Overnumbered) - Origins.jpg,150,120,75
Kai_re),Kai'Sa - Daughter of the Void (Signature),/images/Kai'Sa - Daughter of the Void (Signature) - Origins.jpg,1522.5,1218,761.25
Kai_ary,Kai'Sa - Evolutionary,/images/Kai'Sa - Evolutionary - Origins.jpg,0.25,0.2,0.125
Kai_ert),Kai'Sa - Evolutionary (Alternate Art),/images/Kai'Sa - Evolutionary (Alternate Art) - Origins.jpg,2.02,1.616,1.01
Kai_vor,Kai'Sa - Survivor,/images/Kai'Sa - Survivor - Origins.jpg,81,64.8,40.5
Kai_rt),Kai'Sa - Survivor (Alternate Art),/images/Kai'Sa - Survivor (Alternate Art) - Origins.jpg,86.25,69,43.125
Kar_ler,Karma - Channeler,/images/Karma - Channeler - Origins.jpg,0.25,0.2,0.125
Kar_nal,Karthus - Eternal,/images/Karthus - Eternal - Origins.jpg,0.25,0.2,0.125
Kay_hed,Kayn - Unleashed,/images/Kayn - Unleashed - Origins.jpg,0.25,0.2,0.125
Kin_ict,King's Edict,/images/King's Edict - Origins.jpg,0.1,0.08,0.05
Kin_onk,Kinkou Monk,/images/Kinkou Monk - Origins.jpg,0.1,0.08,0.05
Kog_tic,Kog'Maw - Caustic,/images/Kog'Maw - Caustic - Origins.jpg,0.1,0.08,0.05
Kra_ter,Kraken Hunter,/images/Kraken Hunter - Origins.jpg,0.1,0.08,0.05
Las_ath,Last Breath,/images/Last Breath - Origins.jpg,3.825,3.06,1.9125
Las_and,Last Stand,/images/Last Stand - Origins.jpg,0.1,0.08,0.05
Lec_dle,Lecturing Yordle,/images/Lecturing Yordle - Origins.jpg,0.1,0.08,0.05
Lee_tic,Lee Sin - Ascetic,/images/Lee Sin - Ascetic - Origins.jpg,1.35,1.08,0.675
Lee_art),Lee Sin - Ascetic (Alternate Art),/images/Lee Sin - Ascetic (Alternate Art) - Origins.jpg,2.7,2.16,1.35
Lee_onk,Lee Sin - Blind Monk,/images/Lee Sin - Blind Monk - Origins.jpg,0.1,0.08,0.05
Lee_ed),Lee Sin - Blind Monk (Overnumbered),/images/Lee Sin - Blind Monk (Overnumbered) - Origins.jpg,57.75,46.2,28.875
Lee_re),Lee Sin - Blind Monk (Signature),/images/Lee Sin - Blind Monk (Signature) - Origins.jpg,600,480,300
Lee_red,Lee Sin - Centered,/images/Lee Sin - Centered - Origins.jpg,0.1,0.08,0.05
Lee_rt),Lee Sin - Centered (Alternate Art),/images/Lee Sin - Centered (Alternate Art) - Origins.jpg,3.6,2.88,1.8
Leg_ard,Legion Rearguard,/images/Legion Rearguard - Origins.jpg,0.1,0.08,0.05
Leo_ned,Leona - Determined,/images/Leona - Determined - Origins.jpg,1.12,0.896,0.56
Leo_drt),Leona - Determined (Alternate Art),/images/Leona - Determined (Alternate Art) - Origins.jpg,8.775,7.02,4.3875
Leo_awn,Leona - Radiant Dawn,/images/Leona - Radiant Dawn - Origins.jpg,0.1,0.08,0.05
Leo_ed),Leona - Radiant Dawn (Overnumbered),/images/Leona - Radiant Dawn (Overnumbered) - Origins.jpg,81,64.8,40.5
Leo_re),Leona - Radiant Dawn (Signature),/images/Leona - Radiant Dawn (Signature) - Origins.jpg,480,384,240
Leo_lot,Leona - Zealot,/images/Leona - Zealot - Origins.jpg,2.47,1.976,1.235
Leo_rt),Leona - Zealot (Alternate Art),/images/Leona - Zealot (Alternate Art) - Origins.jpg,7.63,6.104,3.815
Lux_ard,Lux - Crownguard,/images/Lux - Crownguard - Origins.jpg,3.375,2.7,1.6875
Lux_ted,Lux - Illuminated,/images/Lux - Illuminated - Origins.jpg,0.9,0.72,0.45
Lux_er),Lux - Lady of Luminosity (Starter),/images/Lux - Lady of Luminosity (Starter) - Origins.jpg,3.71,2.968,1.855
Mac_gel,Machine Evangel,/images/Machine Evangel - Origins.jpg,1.91,1.528,0.955
Mad_der,Maddened Marauder,/images/Maddened Marauder - Origins.jpg,0.1,0.08,0.05
Mag_den,Mageseeker Warden,/images/Mageseeker Warden - Origins.jpg,0.1,0.08,0.05
Mag_urm,Magma Wurm,/images/Magma Wurm - Origins.jpg,0.1,0.08,0.05
Mal_tic,Malzahar - Fanatic,/images/Malzahar - Fanatic - Origins.jpg,0.1,0.08,0.05
Mas_ght,Mask of Foresight,/images/Mask of Foresight - Origins.jpg,0.1,0.08,0.05
Mas_ned,Master Yi - Honed,/images/Master Yi - Honed - Origins.jpg,2.47,1.976,1.235
Mas_ive,Master Yi - Meditative,/images/Master Yi - Meditative - Origins.jpg,1.12,0.896,0.56
Mas_er),Master Yi - Wuju Bladesman (Starter),/images/Master Yi - Wuju Bladesman (Starter) - Origins.jpg,13.48,10.784,6.74
Med_ion,Meditation,/images/Meditation - Origins.jpg,0.1,0.08,0.05
Meg_ech,Mega-Mech,/images/Mega-Mech - Origins.jpg,0.1,0.08,0.05
Min_une,Mind Rune,/images/Mind Rune - Origins.jpg,0.25,0.2,0.125
Min_rt),Mind Rune (Alternate Art),/images/Mind Rune (Alternate Art) - Origins.jpg,20.475,16.38,10.2375
Min_ter,Mindsplitter,/images/Mindsplitter - Origins.jpg,6.98,5.584,3.49
Mis_ter,Miss Fortune - Bounty Hunter,/images/Miss Fortune - Bounty Hunter - Origins.jpg,0.1,0.08,0.05
Mis_ed),Miss Fortune - Bounty Hunter (Overnumbered),/images/Miss Fortune - Bounty Hunter (Overnumbered) - Origins.jpg,97.5,78,48.75
Mis_re),Miss Fortune - Bounty Hunter (Signature),/images/Miss Fortune - Bounty Hunter (Signature) - Origins.jpg,611.25,489,305.625
Mis_eer,Miss Fortune - Buccaneer,/images/Miss Fortune - Buccaneer - Origins.jpg,0.25,0.2,0.125
Mis_brt),Miss Fortune - Buccaneer (Alternate Art),/images/Miss Fortune - Buccaneer (Alternate Art) - Origins.jpg,2.47,1.976,1.235
Mis_ain,Miss Fortune - Captain,/images/Miss Fortune - Captain - Origins.jpg,7.8,6.24,3.9
Mis_rt),Miss Fortune - Captain (Alternate Art),/images/Miss Fortune - Captain (Alternate Art) - Origins.jpg,14.46,11.568,7.23
Mis_all,Mistfall,/images/Mistfall - Origins.jpg,0.1,0.08,0.05
Mob_ize,Mobilize,/images/Mobilize - Origins.jpg,0.1,0.08,0.05
Mon_ana,Monastery of Hirana,/images/Monastery of Hirana - Origins.jpg,0.1,0.08,0.05
Mor_urn,Morbid Return,/images/Morbid Return - Origins.jpg,0.1,0.08,0.05
Mou_ake,Mountain Drake,/images/Mountain Drake - Origins.jpg,0.1,0.08,0.05
Mus_uch,Mushroom Pouch,/images/Mushroom Pouch - Origins.jpg,0.1,0.08,0.05
Mys_oro,Mystic Poro,/images/Mystic Poro - Origins.jpg,0.1,0.08,0.05
Mys_sal,Mystic Reversal,/images/Mystic Reversal - Origins.jpg,9.26,7.408,4.63
Nav_Pit,Navori Fighting Pit,/images/Navori Fighting Pit - Origins.jpg,0.1,0.08,0.05
Noc_ing,Nocturne - Horrifying,/images/Nocturne - Horrifying - Origins.jpg,2.7,2.16,1.35
Nox_mer,Noxian Drummer,/images/Noxian Drummer - Origins.jpg,0.1,0.08,0.05
Nox_ine,Noxian Guillotine,/images/Noxian Guillotine - Origins.jpg,1.35,1.08,0.675
Nox_ful,Noxus Hopeful,/images/Noxus Hopeful - Origins.jpg,0.1,0.08,0.05
Nox_eur,Noxus Saboteur,/images/Noxus Saboteur - Origins.jpg,0.1,0.08,0.05
Obe_wer,Obelisk of Power,/images/Obelisk of Power - Origins.jpg,0.1,0.08,0.05
Orb_ret,Orb of Regret,/images/Orb of Regret - Origins.jpg,0.1,0.08,0.05
Ord_une,Order Rune,/images/Order Rune - Origins.jpg,0.1,0.08,0.05
Ord_rt),Order Rune (Alternate Art),/images/Order Rune (Alternate Art) - Origins.jpg,13,10.4,6.5
Ove_ion,Overt Operation,/images/Overt Operation - Origins.jpg,0.1,0.08,0.05
Pac_ers,Pack of Wonders,/images/Pack of Wonders - Origins.jpg,0.1,0.08,0.05
Pak_Cub,Pakaa Cub,/images/Pakaa Cub - Origins.jpg,0.1,0.08,0.05
Par_ors,Party Favors,/images/Party Favors - Origins.jpg,0.1,0.08,0.05
Pea_ian,Peak Guardian,/images/Peak Guardian - Origins.jpg,0.1,0.08,0.05
Pet_cer,Petty Officer,/images/Petty Officer - Origins.jpg,0.1,0.08,0.05
Pir_ven,Pirate's Haven,/images/Pirate's Haven - Origins.jpg,0.1,0.08,0.05
Pit_rew,Pit Crew,/images/Pit Crew - Origins.jpg,0.1,0.08,0.05
Pit_kie,Pit Rookie,/images/Pit Rookie - Origins.jpg,0.1,0.08,0.05
Pla_tom,Playful Phantom,/images/Playful Phantom - Origins.jpg,0.1,0.08,0.05
Por_der,Poro Herder,/images/Poro Herder - Origins.jpg,0.1,0.08,0.05
Por_cue,Portal Rescue,/images/Portal Rescue - Origins.jpg,0.1,0.08,0.05
Pos_ion,Possession,/images/Possession - Origins.jpg,5,4,2.5
Pou_oro,Pouty Poro,/images/Pouty Poro - Origins.jpg,0.1,0.08,0.05
Pri_gth,Primal Strength,/images/Primal Strength - Origins.jpg,1.35,1.08,0.675
Pro_Day,Progress Day,/images/Progress Day - Origins.jpg,0.1,0.08,0.05
Pro_ure,Promising Future,/images/Promising Future - Origins.jpg,0.1,0.08,0.05
Qiy_ous,Qiyana - Victorious,/images/Qiyana - Victorious - Origins.jpg,3.375,2.7,1.6875
Rag_and,Raging Firebrand,/images/Raging Firebrand - Origins.jpg,0.1,0.08,0.05
Rag_oul,Raging Soul,/images/Raging Soul - Origins.jpg,0.1,0.08,0.05
Rav_ent,Ravenbloom Student,/images/Ravenbloom Student - Origins.jpg,0.1,0.08,0.05
Rav_ome,Ravenborn Tome,/images/Ravenborn Tome - Origins.jpg,0.1,0.08,0.05
Rea_Row,Reaver's Row,/images/Reaver's Row - Origins.jpg,0.1,0.08,0.05
Reb_uke,Rebuke,/images/Rebuke - Origins.jpg,0.1,0.08,0.05
Rec_ena,Reckoner's Arena,/images/Reckoner's Arena - Origins.jpg,0.1,0.08,0.05
Rec_ard,Recruit the Vanguard,/images/Recruit the Vanguard - Origins.jpg,2.47,1.976,1.235
Rei_rce,Reinforce,/images/Reinforce - Origins.jpg,0.1,0.08,0.05
Ret_eat,Retreat,/images/Retreat - Origins.jpg,1.57,1.256,0.785
Rha_rer,Rhasa the Sunderer,/images/Rhasa the Sunderer - Origins.jpg,0.9,0.72,0.45
Rid_ind,Ride The Wind,/images/Ride The Wind - Origins.jpg,0.25,0.2,0.125
Rip_Rex,Riptide Rex,/images/Riptide Rex - Origins.jpg,0.1,0.08,0.05
Run_son,Rune Prison,/images/Rune Prison - Origins.jpg,0.1,0.08,0.05
Sab_age,Sabotage,/images/Sabotage - Origins.jpg,3.03,2.424,1.515
Sai_out,Sai Scout,/images/Sai Scout - Origins.jpg,0.1,0.08,0.05
Sal_age,Salvage,/images/Salvage - Origins.jpg,0.25,0.2,0.125
Scr_eap,Scrapheap,/images/Scrapheap - Origins.jpg,0.1,0.08,0.05
Scr_ion,Scrapyard Champion,/images/Scrapyard Champion - Origins.jpg,0.1,0.08,0.05
Sea_ord,Seal of Discord,/images/Seal of Discord - Origins.jpg,12.35,9.88,6.175
Sea_cus,Seal of Focus,/images/Seal of Focus - Origins.jpg,13,10.4,6.5
Sea_ght,Seal of Insight,/images/Seal of Insight - Origins.jpg,14.13,11.304,7.065
Sea_age,Seal of Rage,/images/Seal of Rage - Origins.jpg,17.875,14.3,8.9375
Sea_gth,Seal of Strength,/images/Seal of Strength - Origins.jpg,9.1,7.28,4.55
Sea_ity,Seal of Unity,/images/Seal of Unity - Origins.jpg,28.275,22.62,14.1375
Set_ler,Sett - Brawler,/images/Sett - Brawler - Origins.jpg,13.48,10.784,6.74
Set_brt),Sett - Brawler (Alternate Art),/images/Sett - Brawler (Alternate Art) - Origins.jpg,17.225,13.78,8.6125
Set_pin,Sett - Kingpin,/images/Sett - Kingpin - Origins.jpg,1.01,0.808,0.505
Set_rt),Sett - Kingpin (Alternate Art),/images/Sett - Kingpin (Alternate Art) - Origins.jpg,3.6,2.88,1.8
Set_oss,Sett - The Boss,/images/Sett - The Boss - Origins.jpg,0.1,0.08,0.05
Set_ed),Sett - The Boss (Overnumbered),/images/Sett - The Boss (Overnumbered) - Origins.jpg,84,67.2,42
Set_re),Sett - The Boss (Signature),/images/Sett - The Boss (Signature) - Origins.jpg,536.25,429,268.125
Sha_own,Shakedown,/images/Shakedown - Origins.jpg,0.1,0.08,0.05
She_kou,Shen - Kinkou,/images/Shen - Kinkou - Origins.jpg,1.8,1.44,0.9
Shi_ker,Shipyard Skulker,/images/Shipyard Skulker - Origins.jpg,0.1,0.08,0.05
Sho_per,Showstopper,/images/Showstopper - Origins.jpg,37.625,30.1,18.8125
Sig_orm,Sigil of the Storm,/images/Sigil of the Storm - Origins.jpg,0.1,0.08,0.05
Sin_ity,Singularity,/images/Singularity - Origins.jpg,0.25,0.2,0.125
Sip_wer,Siphon Power,/images/Siphon Power - Origins.jpg,8.61,6.888,4.305
Sky_ter,Sky Splitter,/images/Sky Splitter - Origins.jpg,0.1,0.08,0.05
Smo_een,Smoke Screen,/images/Smoke Screen - Origins.jpg,0.1,0.08,0.05
Sne_and,Sneaky Deckhand,/images/Sneaky Deckhand - Origins.jpg,0.1,0.08,0.05
Soa_out,Soaring Scout,/images/Soaring Scout - Origins.jpg,0.1,0.08,0.05
Sol_ief,Solari Chief,/images/Solari Chief - Origins.jpg,0.1,0.08,0.05
Sol_rer,Solari Shieldbearer,/images/Solari Shieldbearer - Origins.jpg,0.1,0.08,0.05
Sol_ine,Solari Shrine,/images/Solari Shrine - Origins.jpg,0.1,0.08,0.05
Son_ous,Sona - Harmonious,/images/Sona - Harmonious - Origins.jpg,1.23,0.984,0.615
Sou_ger,Soulgorger,/images/Soulgorger - Origins.jpg,0.25,0.2,0.125
Spe_ron,Spectral Matron,/images/Spectral Matron - Origins.jpg,0.1,0.08,0.05
Spi_uge,Spirit's Refuge,/images/Spirit's Refuge - Origins.jpg,0.1,0.08,0.05
Spo_War,Spoils of War,/images/Spoils of War - Origins.jpg,0.1,0.08,0.05
Spr_uff,Sprite (274) // Buff,/images/Sprite (274) // Buff - Origins.jpg,0.1,0.08,0.05
Spr_all,Sprite Call,/images/Sprite Call - Origins.jpg,0.1,0.08,0.05
Spr_her,Sprite Mother,/images/Sprite Mother - Origins.jpg,1.68,1.344,0.84
Sta_eck,Stacked Deck,/images/Stacked Deck - Origins.jpg,4.875,3.9,2.4375
Sta_oro,Stalwart Poro,/images/Stalwart Poro - Origins.jpg,0.1,0.08,0.05
Sta_ted,Stand United,/images/Stand United - Origins.jpg,0.1,0.08,0.05
Sta_eak,Startipped Peak,/images/Startipped Peak - Origins.jpg,0.1,0.08,0.05
Sta_ed),Startipped Peak (Oversized),/images/Startipped Peak (Oversized) - Origins.jpg,7.31,5.848,3.655
Ste_uer,Stealthy Pursuer,/images/Stealthy Pursuer - Origins.jpg,0.1,0.08,0.05
Sto_ger,Stormbringer,/images/Stormbringer - Origins.jpg,3.15,2.52,1.575
Sto_ine,Stormclaw Ursine,/images/Stormclaw Ursine - Origins.jpg,0.1,0.08,0.05
Stu_efy,Stupefy,/images/Stupefy - Origins.jpg,0.1,0.08,0.05
Sun_isc,Sun Disc,/images/Sun Disc - Origins.jpg,0.1,0.08,0.05
Sun_ian,Sunlit Guardian,/images/Sunlit Guardian - Origins.jpg,0.1,0.08,0.05
Sup_et!,Super Mega Death Rocket!,/images/Super Mega Death Rocket! - Origins.jpg,11.53,9.224,5.765
Sym_ari,Symbol of the Solari,/images/Symbol of the Solari - Origins.jpg,0.1,0.08,0.05
Tar_eak,Targon's Peak,/images/Targon's Peak - Origins.jpg,0.1,0.08,0.05
Tar_tor,Taric - Protector,/images/Taric - Protector - Origins.jpg,0.1,0.08,0.05
Tas_olk,Tasty Faefolk,/images/Tasty Faefolk - Origins.jpg,4.875,3.9,2.4375
Tee_sout,Teemo - Scout,/images/Teemo - Scout - Origins.jpg,0.25,0.2,0.125
Tee_srt),Teemo - Scout (Alternate Art),/images/Teemo - Scout (Alternate Art) - Origins.jpg,8.775,7.02,4.3875
Tee_ist,Teemo - Strategist,/images/Teemo - Strategist - Origins.jpg,2.81,2.248,1.405
Tee_rt),Teemo - Strategist (Alternate Art),/images/Teemo - Strategist (Alternate Art) - Origins.jpg,4.75,3.8,2.375
Tee_out,Teemo - Swift Scout,/images/Teemo - Swift Scout - Origins.jpg,0.1,0.08,0.05
Tee_ed),Teemo - Swift Scout (Overnumbered),/images/Teemo - Swift Scout (Overnumbered) - Origins.jpg,84,67.2,42
Tee_re),Teemo - Swift Scout (Signature),/images/Teemo - Swift Scout (Signature) - Origins.jpg,476.25,381,238.125
The_est,The Arena's Greatest,/images/The Arena's Greatest - Origins.jpg,0.1,0.08,0.05
The_tum,The Candlelit Sanctum,/images/The Candlelit Sanctum - Origins.jpg,0.1,0.08,0.05
The_ree,The Dreaming Tree,/images/The Dreaming Tree - Origins.jpg,0.25,0.2,0.125
The_aza,The Grand Plaza,/images/The Grand Plaza - Origins.jpg,0.1,0.08,0.05
The_ing,The Harrowing,/images/The Harrowing - Origins.jpg,0.25,0.2,0.125
The_ren,The Syren,/images/The Syren - Origins.jpg,0.1,0.08,0.05
The_eam,Thermo Beam,/images/Thermo Beam - Origins.jpg,0.1,0.08,0.05
Tho_her,Thousand-Tailed Watcher,/images/Thousand-Tailed Watcher - Origins.jpg,27.625,22.1,13.8125
Tib_ers,Tibbers,/images/Tibbers - Origins.jpg,0.25,0.2,0.125
Tid_ner,Tideturner,/images/Tideturner - Origins.jpg,0.25,0.2,0.125
Tim_arp,Time Warp,/images/Time Warp - Origins.jpg,56.35,45.08,28.175
Tra_ant,Traveling Merchant,/images/Traveling Merchant - Origins.jpg,0.1,0.08,0.05
Tre_ove,Treasure Trove,/images/Treasure Trove - Origins.jpg,0.1,0.08,0.05
Tri_ker,Trifarian Gloryseeker,/images/Trifarian Gloryseeker - Origins.jpg,0.1,0.08,0.05
Tri_amp,Trifarian War Camp,/images/Trifarian War Camp - Origins.jpg,0.1,0.08,0.05
Try_ian,Tryndamere - Barbarian,/images/Tryndamere - Barbarian - Origins.jpg,0.1,0.08,0.05
Twi_ler,Twisted Fate - Gambler,/images/Twisted Fate - Gambler - Origins.jpg,0.1,0.08,0.05
Udy_man,Udyr - Wildman,/images/Udyr - Wildman - Origins.jpg,0.1,0.08,0.05
Unc_wer,Unchecked Power,/images/Unchecked Power - Origins.jpg,9.91,7.928,4.955
Und_ent,Undercover Agent,/images/Undercover Agent - Origins.jpg,0.1,0.08,0.05
Unl_ory,Unlicensed Armory,/images/Unlicensed Armory - Origins.jpg,0.1,0.08,0.05
Uny_rit,Unyielding Spirit,/images/Unyielding Spirit - Origins.jpg,0.25,0.2,0.125
Van_aant,Vanguard Attendant,/images/Vanguard Attendant - Origins.jpg,0.1,0.08,0.05
Van_ain,Vanguard Captain,/images/Vanguard Captain - Origins.jpg,0.1,0.08,0.05
Van_elm,Vanguard Helm,/images/Vanguard Helm - Origins.jpg,0.1,0.08,0.05
Van_ant,Vanguard Sergeant,/images/Vanguard Sergeant - Origins.jpg,0.1,0.08,0.05
Vay_ter,Vayne - Hunter,/images/Vayne - Hunter - Origins.jpg,1.01,0.808,0.505
Ven_nce,Vengeance,/images/Vengeance - Origins.jpg,0.1,0.08,0.05
Vi _ive,Vi - Destructive,/images/Vi - Destructive - Origins.jpg,1.91,1.528,0.955
Vik_ane,Viktor - Herald of the Arcane,/images/Viktor - Herald of the Arcane - Origins.jpg,0.1,0.08,0.05
Vik_ed),Viktor - Herald of the Arcane (Overnumbered),/images/Viktor - Herald of the Arcane (Overnumbered) - Origins.jpg,78.75,63,39.375
Vik_re),Viktor - Herald of the Arcane (Signature),/images/Viktor - Herald of the Arcane (Signature) - Origins.jpg,433.5,346.8,216.75
Vik_tor,Viktor - Innovator,/images/Viktor - Innovator - Origins.jpg,0.1,0.08,0.05
Vik_irt),Viktor - Innovator (Alternate Art),/images/Viktor - Innovator (Alternate Art) - Origins.jpg,2.36,1.888,1.18
Vik_der,Viktor - Leader,/images/Viktor - Leader - Origins.jpg,6.825,5.46,3.4125
Vik_rt),Viktor - Leader (Alternate Art),/images/Viktor - Leader (Alternate Art) - Origins.jpg,7.475,5.98,3.7375
Vil_air,Vilemaw's Lair,/images/Vilemaw's Lair - Origins.jpg,0.1,0.08,0.05
Voi_ate,Void Gate,/images/Void Gate - Origins.jpg,0.1,0.08,0.05
Voi_ker,Void Seeker,/images/Void Seeker - Origins.jpg,0.1,0.08,0.05
Vol_ous,Volibear - Furious,/images/Volibear - Furious - Origins.jpg,3.03,2.424,1.515
Vol_frt),Volibear - Furious (Alternate Art),/images/Volibear - Furious (Alternate Art) - Origins.jpg,4.75,3.8,2.375
Vol_ing,Volibear - Imposing,/images/Volibear - Imposing - Origins.jpg,0.25,0.2,0.125
Vol_rt),Volibear - Imposing (Alternate Art),/images/Volibear - Imposing (Alternate Art) - Origins.jpg,3.71,2.968,1.855
Vol_orm,Volibear - Relentless Storm,/images/Volibear - Relentless Storm - Origins.jpg,0.1,0.08,0.05
Vol_ed),Volibear - Relentless Storm (Overnumbered),/images/Volibear - Relentless Storm (Overnumbered) - Origins.jpg,57.05,45.64,28.525
Vol_re),Volibear - Relentless Storm (Signature),/images/Volibear - Relentless Storm (Signature) - Origins.jpg,432,345.6,216
Wal_lop,Wallop,/images/Wallop - Origins.jpg,0.1,0.08,0.05
War_ter,Warwick - Hunter,/images/Warwick - Hunter - Origins.jpg,0.25,0.2,0.125
Wat_try,Watchful Sentry,/images/Watchful Sentry - Origins.jpg,0.1,0.08,0.05
Whi_ind,Whirlwind,/images/Whirlwind - Origins.jpg,0.1,0.08,0.05
Whi_tor,Whiteflame Protector,/images/Whiteflame Protector - Origins.jpg,47.25,37.8,23.625
Wie_ter,Wielder of Water,/images/Wielder of Water - Origins.jpg,0.1,0.08,0.05
Wil_man,Wildclaw Shaman,/images/Wildclaw Shaman - Origins.jpg,0.1,0.08,0.05
Win_all,Wind Wall,/images/Wind Wall - Origins.jpg,0.25,0.2,0.125
Win_ock,Windswept Hillock,/images/Windswept Hillock - Origins.jpg,0.1,0.08,0.05
Wiz_der,Wizened Elder,/images/Wizened Elder - Origins.jpg,0.1,0.08,0.05
Wra_oes,Wraith of Echoes,/images/Wraith of Echoes - Origins.jpg,0.1,0.08,0.05
Yas_ful,Yasuo - Remorseful,/images/Yasuo - Remorseful - Origins.jpg,0.25,0.2,0.125
Yas_rrt),Yasuo - Remorseful (Alternate Art),/images/Yasuo - Remorseful (Alternate Art) - Origins.jpg,3.93,3.144,1.965
Yas_ven,Yasuo - Unforgiven,/images/Yasuo - Unforgiven - Origins.jpg,0.1,0.08,0.05
Yas_ed),Yasuo - Unforgiven (Overnumbered),/images/Yasuo - Unforgiven (Overnumbered) - Origins.jpg,58.1,46.48,29.05
Yas_re),Yasuo - Unforgiven (Signature),/images/Yasuo - Unforgiven (Signature) - Origins.jpg,510,408,255
Yas_der,Yasuo - Windrider,/images/Yasuo - Windrider - Origins.jpg,2.925,2.34,1.4625
Yas_rt),Yasuo - Windrider (Alternate Art),/images/Yasuo - Windrider (Alternate Art) - Origins.jpg,7.15,5.72,3.575
Zau_ens,Zaun Warrens,/images/Zaun Warrens - Origins.jpg,0.1,0.08,0.05
Zau_cer,Zaunite Bouncer,/images/Zaunite Bouncer - Origins.jpg,0.1,0.08,0.05
Zen_ade,Zenith Blade,/images/Zenith Blade - Origins.jpg,18.525,14.82,9.2625
Zep_age,Zephyr Sage,/images/Zephyr Sage - Origins.jpg,0.1,0.08,0.05
Zho_ass,Zhonya's Hourglass,/images/Zhonya's Hourglass - Origins.jpg,10.88,8.704,5.44
